id	mac	ip	hub_token	is_deleted	created_at	updated_at
25	12:34:56:78:90:12	42.113.162.119	0123456789012345	0	2016-10-26 07:29:58	2016-10-26 07:30:33
26	01:12:23:34:45:56	66.102.6.88	1123456789012345	0	2016-10-27 08:34:32	2016-11-07 02:08:23
27	ab:cd:ef:ab:cd:ef	42.117.239.154	1234567891234567	1	2016-10-27 15:52:38	2016-11-07 02:09:15
28	ab:cd:ef:ab:cd:e3	58.186.186.178	1234567891234569	1	2016-11-03 07:51:50	2016-11-03 07:55:13
29	ab:cd:ef:ab:cd:e3	42.117.239.154	1234567891234568	0	2016-11-03 07:55:08	2016-11-04 04:33:32
30	ab:cd:ef:ab:cd:ef	42.117.239.154	30727a8341aea790	1	2016-11-07 02:08:45	2016-11-11 14:22:54
31	5c:cf:7f:80:3e:f0	42.117.239.154	1234567891234567	1	2016-11-07 04:39:21	2016-11-07 14:00:10
32	5c:cf:7f:80:3e:f0	42.117.239.154	63025145439d1c44	1	2016-11-07 09:38:27	2016-11-07 11:24:07
33	5c:cf:7f:80:3e:f0	42.117.239.154	92bd24a3ff2b3ebf	1	2016-11-07 11:23:43	2016-11-07 11:33:51
34	5c:cf:7f:80:3e:f0	42.117.239.154	3fcc86373ac10ca2	1	2016-11-07 13:59:46	2016-11-07 14:02:32
35	5c:cf:7f:80:3e:f0	42.117.239.154	dfb1f01b7d14997c	1	2016-11-07 14:02:08	2016-11-08 03:12:15
36	5e:cf:7f:80:3e:f0	42.117.239.154	31b53562c79656e5	1	2016-11-07 14:20:48	2016-11-07 15:52:46
37	5e:cf:7f:80:3e:f0	42.117.239.154	1234567891234567	1	2016-11-07 15:46:34	2016-11-07 16:04:26
38	5e:cf:7f:80:3e:f0	42.117.239.154	7f698fb6c77da499	0	2016-11-07 16:04:07	2016-11-07 16:04:26
39	5c:cf:7f:80:3e:f0	42.117.239.154	1234567891234567	1	2016-11-08 01:37:39	2016-11-08 06:02:41
40	5c:cf:7f:80:3e:f0	42.117.239.154	f3acb44ea30e5e43	1	2016-11-08 03:11:51	2016-11-08 03:40:02
41	5c:cf:7f:80:3e:f0	42.117.239.154	dc031a7f82abdec7	1	2016-11-08 03:39:38	2016-11-08 03:55:08
42	5c:cf:7f:80:3e:f0	42.117.239.154	4a3c7da7c45c1398	1	2016-11-08 06:02:19	2016-11-08 06:28:41
43	5c:cf:7f:80:3e:f0	42.117.239.154	eacc02e3a756a910	1	2016-11-08 06:28:37	2016-11-08 07:29:28
44	5c:cf:7f:80:3e:f0	42.117.239.154	d8e4e553a4689a70	1	2016-11-08 07:29:04	2016-11-08 13:32:01
45	5c:cf:7f:80:3e:f0	42.117.239.154	e12725c2537776e8	1	2016-11-08 13:31:37	2016-11-08 14:23:35
46	5c:cf:7f:80:3e:f0	42.117.239.154	a95654955910ef15	1	2016-11-08 14:23:11	2016-11-08 16:36:44
47	5c:cf:7f:80:3e:f0	42.117.239.154	ac0b4c6c23c63505	1	2016-11-08 16:36:26	2016-11-08 18:27:22
48	5c:cf:7f:80:3e:f0	42.117.239.154	1234567891234567	1	2016-11-08 18:26:58	2016-11-09 11:47:58
49	NULL	NULL	791223b51e1f8053	0	2016-11-09 07:15:40	2016-11-09 07:15:40
50	NULL	NULL	0ad179544e9cb1f0	0	2016-11-09 11:19:53	2016-11-09 11:19:53
51	NULL	NULL	965d23458d612bc6	0	2016-11-09 11:25:42	2016-11-09 11:25:42
52	5c:cf:7f:80:3e:f0	42.117.239.154	486e098306d693bc	1	2016-11-09 11:47:39	2016-11-09 12:02:32
53	NULL	NULL	10ab0960230eec4c	0	2016-11-09 11:55:45	2016-11-09 11:55:45
54	NULL	NULL	f5f29107af97d15d	0	2016-11-09 12:00:00	2016-11-09 12:00:00
55	5c:cf:7f:80:3e:f0	42.117.239.154	f403ff49e95ddd75	1	2016-11-09 12:02:08	2016-11-10 13:31:17
56	ab:cd:ef:ab:cd:ef	42.117.238.13	1234567891234567	1	2016-11-10 12:17:26	2016-11-29 15:23:37
57	NULL	NULL	d2aa54dacde17742	0	2016-11-10 12:49:39	2016-11-10 12:49:39
58	NULL	NULL	3f0056c4adb6d024	0	2016-11-10 13:03:42	2016-11-10 13:03:42
59	NULL	NULL	eed287623c70e80a	0	2016-11-10 13:08:19	2016-11-10 13:08:19
60	5c:cf:7f:80:3e:f0	42.117.239.154	30ba85fee3747f15	1	2016-11-10 13:30:58	2016-11-12 03:08:42
61	NULL	NULL	c9ee0e28fe160863	0	2016-11-11 13:37:09	2016-11-11 13:37:09
62	NULL	NULL	4c7ce5b0a24812d5	0	2016-11-11 14:48:05	2016-11-11 14:48:05
63	NULL	NULL	c6395085f8cb549c	0	2016-11-11 14:52:09	2016-11-11 14:52:09
64	5c:cf:7f:80:3e:f0	42.117.239.154	590c7a166b188d37	1	2016-11-12 03:08:31	2016-11-12 06:10:19
65	5c:cf:7f:80:3e:f0	42.117.239.154	70326b70258f7988	1	2016-11-12 06:10:06	2016-11-12 09:22:17
66	5c:cf:7f:80:3e:f0	42.117.239.154	9a50a666b124ce7f	1	2016-11-12 09:22:04	2016-11-12 09:33:39
67	5c:cf:7f:80:3e:f0	42.117.239.154	cd0f987a25fc076f	1	2016-11-12 09:33:20	2016-11-12 09:39:43
68	5c:cf:7f:80:3e:f0	42.117.239.154	aeddfe410ae00cc6	1	2016-11-12 09:39:23	2016-11-12 09:57:27
69	5c:cf:7f:80:3e:f0	42.117.239.154	d0f339a7d98e0b42	1	2016-11-12 09:57:13	2016-11-13 03:18:33
70	NULL	NULL	d2299ce51b87f1aa	0	2016-11-12 13:20:13	2016-11-12 13:20:13
71	5c:cf:7f:80:3e:f0	42.117.239.154	cd3788ddfee3abe9	1	2016-11-13 03:18:09	2016-11-13 03:22:40
72	5c:cf:7f:80:3e:f0	42.117.239.154	d8781bdf6b908254	1	2016-11-13 03:22:16	2016-11-13 03:33:02
73	5c:cf:7f:80:3e:f0	42.117.239.154	dad1fd68348a584f	1	2016-11-13 03:32:38	2016-11-13 04:33:58
74	5c:cf:7f:80:3e:f0	42.117.239.154	99d7feb40044acdf	1	2016-11-13 04:33:34	2016-11-14 05:58:16
75	5c:cf:7f:80:3e:f0	42.117.239.154	576f569ae9f27ab6	1	2016-11-14 05:57:52	2016-11-14 06:03:45
76	5c:cf:7f:80:3e:f0	42.117.239.154	c8495ff2db5f3d21	1	2016-11-14 06:03:26	2016-11-14 14:15:05
77	NULL	NULL	6667a7f99b6ed7e8	0	2016-11-14 11:36:14	2016-11-14 11:36:14
78	5c:cf:7f:80:3e:f0	42.117.239.154	c0998e838c2bceb9	1	2016-11-14 14:14:43	2016-11-15 13:49:50
79	NULL	NULL	52f47968c6a890fb	0	2016-11-15 11:32:38	2016-11-15 11:32:38
80	5c:cf:7f:80:3e:f0	58.186.174.8	88ac8580eb9484cc	1	2016-11-15 13:49:27	2016-11-16 09:31:34
81	5c:cf:7f:80:3e:f0	58.186.174.8	b322e9cee1f301b2	1	2016-11-16 09:31:15	2016-11-17 06:33:37
82	5c:cf:7f:80:3e:f0	118.68.20.149	9b691d4162dc0d21	1	2016-11-17 06:33:14	2016-11-17 07:31:37
83	5c:cf:7f:80:3e:f0	118.68.20.149	98861b40028f891f	1	2016-11-17 07:31:14	2016-11-17 09:57:03
84	NULL	NULL	8b0d2b428d8d3b4e	0	2016-11-17 09:37:33	2016-11-17 09:37:33
85	5c:cf:7f:80:3e:f0	1.52.230.115	72e3146a59814500	1	2016-11-17 09:56:45	2016-11-21 02:04:01
86	NULL	NULL	99fa7492ba794459	0	2016-11-18 07:15:50	2016-11-18 07:15:50
87	5c:cf:7f:80:3e:f0	118.68.23.221	694580eda138b262	1	2016-11-21 02:03:42	2016-11-30 02:23:23
88	NULL	NULL	44a409932d349157	0	2016-11-23 02:32:47	2016-11-23 02:32:47
89	5e:cf:7f:13:5b:d3	42.117.238.13	5468dafcd6b4bb0a	1	2016-11-24 04:43:15	2016-11-25 08:59:55
90	NULL	NULL	0b03f21750272af6	0	2016-11-24 07:22:48	2016-11-24 07:22:48
91	5c:cf:7f:13:5b:d3	42.117.238.13	ec3c1fd8897e83d7	1	2016-11-24 07:27:26	2016-11-25 08:43:28
92	5c:cf:7f:13:5b:d3	115.72.27.152	d3b525e1200d9b12	1	2016-11-25 08:43:14	2016-11-28 05:34:36
93	5e:cf:7f:13:5b:d3	115.72.27.152	471f87e60f4db8d5	1	2016-11-25 08:59:31	2016-11-28 04:29:22
94	62:01:94:0d:ab:fb	42.117.238.13	2f13e98acd2c2f91	1	2016-11-26 11:01:29	2016-11-29 06:25:14
95	60:01:94:0d:ab:fb	42.117.238.13	7f15cd521e5a40b7	1	2016-11-28 02:36:14	2016-11-28 02:57:06
96	60:01:94:0d:ab:fb	42.117.238.13	c98948c07e944a21	1	2016-11-28 02:56:42	2016-11-28 03:29:02
97	60:01:94:0d:ab:fb	115.72.27.152	a7cf96f1e512a068	1	2016-11-28 03:28:48	2016-11-28 11:42:38
98	5e:cf:7f:13:5b:d3	115.72.27.152	7c7e0020d9510799	1	2016-11-28 04:29:09	2016-11-28 04:48:41
99	5e:cf:7f:13:5b:d3	115.72.27.152	5c70813dea975c46	1	2016-11-28 04:48:17	2016-11-28 05:15:41
100	5e:cf:7f:13:5b:d3	42.117.238.13	5e8467df50e7cedc	1	2016-11-28 05:15:23	2016-11-29 04:55:33
101	5c:cf:7f:13:5b:d3	115.72.27.152	80b0cfd8a26b9097	1	2016-11-28 05:34:17	2016-11-28 06:38:27
102	5c:cf:7f:13:5b:d3	115.72.27.152	adda67b8ccde16fc	1	2016-11-28 06:38:13	2016-11-29 04:45:26
103	NULL	NULL	f3c53ce8a75a7f98	0	2016-11-28 09:37:56	2016-11-28 09:37:56
104	60:01:94:0d:ab:fb	42.117.238.13	06ac4e90033515bd	1	2016-11-28 11:42:18	2016-11-29 08:14:55
105	5c:cf:7f:13:5b:d3	42.117.238.13	22345f70d5f52f3c	1	2016-11-29 04:45:18	2017-01-11 10:19:14
106	5e:cf:7f:13:5b:d3	115.72.27.152	1a9dd49c5b113fc5	1	2016-11-29 04:55:24	2017-01-11 11:12:42
107	62:01:94:0d:ab:fb	115.72.27.152	d9c72ef5a900983e	1	2016-11-29 06:24:59	2016-11-29 17:05:23
108	60:01:94:0d:ab:fb	27.75.230.246	46443dee95207a20	1	2016-11-29 08:14:46	2016-11-29 08:17:09
109	60:01:94:0d:ab:fb	27.75.230.246	be8eea88a2fbf39b	1	2016-11-29 08:16:55	2016-11-29 08:37:25
110	NULL	NULL	4ec0f204b111294b	0	2016-11-29 08:16:59	2016-11-29 08:16:59
111	NULL	NULL	44d2152501afca7e	0	2016-11-29 08:27:13	2016-11-29 08:27:13
112	NULL	NULL	81f2b2c54517e1bb	0	2016-11-29 08:31:20	2016-11-29 08:31:20
113	60:01:94:0d:ab:fb	115.72.21.200	e463a8d958217044	1	2016-11-29 08:37:11	2016-11-29 14:48:06
114	NULL	NULL	235d1b743f8e7e35	0	2016-11-29 09:07:50	2016-11-29 09:07:50
115	5e:cf:7f:13:5d:9f	27.75.232.237	30736e974efc5bc8	1	2016-11-29 09:26:10	2016-11-29 16:53:22
116	NULL	NULL	3a4522552614269b	0	2016-11-29 13:23:16	2016-11-29 13:23:16
117	5c:cf:7f:13:5d:9f	27.75.232.237	7e1e2f3621f06778	1	2016-11-29 13:25:16	2016-11-29 13:28:44
118	5c:cf:7f:13:5d:9f	27.75.232.237	697f2e021407edc0	1	2016-11-29 13:28:34	2016-11-30 02:45:43
119	NULL	NULL	21bfe68a41d883ac	0	2016-11-29 13:36:43	2016-11-29 13:36:43
120	NULL	NULL	2699082229110f39	0	2016-11-29 14:21:46	2016-11-29 14:21:46
121	60:01:94:0d:ab:fb	27.75.232.237	1a2aa7d0e71865f8	1	2016-11-29 14:47:57	2016-11-29 16:55:54
122	ab:cd:ef:ab:cd:ef	118.68.23.221	1234567891234565	1	2016-11-29 15:23:08	2016-11-29 15:29:02
123	ab:cd:ef:ab:cd:ef	27.75.232.237	1234567891234509	1	2016-11-29 15:28:43	2016-12-06 13:48:42
124	ab:cd:ef:ab:cd:32	27.75.232.237	1234567891234508	0	2016-11-29 16:10:25	2016-11-29 16:10:40
125	ab:cd:ef:ab:cd:ef	118.68.20.56	1234567891234567	1	2016-11-29 16:34:44	2017-01-11 05:19:26
126	5e:cf:7f:13:5d:9f	27.75.232.237	3742ba8e361702f3	1	2016-11-29 16:52:58	2016-11-30 02:29:23
127	60:01:94:0d:ab:fb	27.75.232.237	8d804d92112ec4d4	1	2016-11-29 16:55:45	2016-11-29 17:07:51
128	NULL	NULL	1308f40a0ffd3d5d	0	2016-11-29 16:58:54	2016-11-29 16:58:54
129	62:01:94:0d:ab:fb	27.75.232.237	07d905acda73fb81	1	2016-11-29 17:04:59	2016-11-30 02:36:07
130	60:01:94:0d:ab:fb	27.75.232.237	6d6eb5fc89de7566	1	2016-11-29 17:07:27	2016-11-30 03:12:28
131	5c:cf:7f:80:3e:f0	118.68.23.221	4c707ac43b3411a2	1	2016-11-30 02:22:59	2016-11-30 07:56:37
132	5e:cf:7f:13:5d:9f	27.75.232.237	530d255961c93546	1	2016-11-30 02:29:04	2016-11-30 11:03:31
133	62:01:94:0d:ab:fb	27.75.232.237	df813ac6b6621206	1	2016-11-30 02:35:43	2016-11-30 11:21:01
134	NULL	NULL	b548dff266a91575	0	2016-11-30 02:44:05	2016-11-30 02:44:05
135	5c:cf:7f:13:5d:9f	27.75.232.237	2a211f4cb498efb3	1	2016-11-30 02:45:19	2016-11-30 11:17:45
136	NULL	NULL	3df23d9d6b7379e5	0	2016-11-30 02:47:45	2016-11-30 02:47:45
137	NULL	NULL	8c2b65c7318f283a	0	2016-11-30 02:50:26	2016-11-30 02:50:26
138	NULL	NULL	d560d1b9e1c31b82	0	2016-11-30 02:55:44	2016-11-30 02:55:44
139	NULL	NULL	ba6ba97b9113a9ca	0	2016-11-30 03:07:16	2016-11-30 03:07:16
140	NULL	NULL	03e17c15d56335bc	0	2016-11-30 03:09:28	2016-11-30 03:09:28
141	60:01:94:0d:ab:fb	171.232.103.87	88994d4ef0f10772	1	2016-11-30 03:12:09	2016-11-30 11:30:43
142	NULL	NULL	826710b98fff1f3d	0	2016-11-30 03:14:35	2016-11-30 03:14:35
143	NULL	NULL	79d60974f4daeb00	0	2016-11-30 03:30:36	2016-11-30 03:30:36
144	NULL	NULL	94061823338e64e6	0	2016-11-30 06:21:38	2016-11-30 06:21:38
145	NULL	NULL	33104e664678d9cc	0	2016-11-30 06:25:13	2016-11-30 06:25:13
146	NULL	NULL	51de5530af789168	0	2016-11-30 06:28:13	2016-11-30 06:28:13
147	NULL	NULL	8b3180fb66bf22e0	0	2016-11-30 07:19:59	2016-11-30 07:19:59
148	5c:cf:7f:80:3e:f0	118.68.23.221	2b12ec6a74ecf1c2	1	2016-11-30 07:56:14	2016-11-30 08:00:46
149	5c:cf:7f:80:3e:f0	118.68.23.221	c5732a1dc0672403	1	2016-11-30 08:00:27	2016-12-01 14:18:24
150	NULL	NULL	45efb9eaeb813e3a	0	2016-11-30 09:30:56	2016-11-30 09:30:56
151	NULL	NULL	be2e8f4bf49b2bce	0	2016-11-30 10:07:33	2016-11-30 10:07:33
152	NULL	NULL	123456789123456e	0	2016-11-30 10:08:54	2016-11-30 10:08:54
153	5e:cf:7f:13:5d:9f	118.68.23.221	6806fa8222966ec0	1	2016-11-30 11:03:07	2016-11-30 11:50:27
154	5c:cf:7f:13:5d:9f	118.68.23.221	70bab9da78094eaf	1	2016-11-30 11:17:21	2016-12-01 02:13:10
155	62:01:94:0d:ab:fb	118.68.23.221	b5aabb6e3edc19ad	1	2016-11-30 11:20:37	2016-12-01 01:42:24
156	NULL	NULL	fea80ef71556878b	0	2016-11-30 11:27:44	2016-11-30 11:27:44
157	60:01:94:0d:ab:fb	118.68.23.221	c712307c22c7e7bd	1	2016-11-30 11:30:19	2016-11-30 11:36:22
158	NULL	NULL	3aab49bc6a072ea8	0	2016-11-30 11:33:43	2016-11-30 11:33:43
159	NULL	NULL	cec43f35dde53c49	0	2016-11-30 11:33:47	2016-11-30 11:33:47
160	60:01:94:0d:ab:fb	118.68.23.221	bc3bbb31d886091b	1	2016-11-30 11:36:03	2016-11-30 12:10:41
161	5e:cf:7f:13:5d:9f	118.68.23.221	8e12b7e5c3f2df54	1	2016-11-30 11:50:03	2016-12-02 01:33:51
162	60:01:94:0d:ab:fb	118.68.23.221	6cbbbfc55fa64af4	1	2016-11-30 12:10:17	2016-11-30 12:29:04
163	NULL	NULL	7cd32ed833c88523	0	2016-11-30 12:24:53	2016-11-30 12:24:53
164	60:01:94:0d:ab:fb	171.232.103.87	e9a36bc6ca8df9e6	1	2016-11-30 12:28:45	2016-11-30 14:46:35
165	60:01:94:0d:ab:fb	118.68.23.221	ea732f50bc096827	1	2016-11-30 14:46:17	2016-11-30 15:15:34
166	60:01:94:0d:ab:fb	118.68.23.221	8dd2eb92f3c3ce76	1	2016-11-30 15:15:17	2016-11-30 15:40:17
167	60:01:94:0d:ab:fb	118.68.23.221	8b16cf299a5579e4	1	2016-11-30 15:39:58	2016-11-30 15:53:22
168	60:01:94:0d:ab:fb	118.68.23.221	5b4109102f72e159	1	2016-11-30 15:53:02	2016-11-30 15:58:13
169	60:01:94:0d:ab:fb	118.68.23.221	ed4369ea4a074ed2	1	2016-11-30 15:57:54	2016-11-30 16:02:54
170	60:01:94:0d:ab:fb	118.68.23.221	c513a346290671f8	1	2016-11-30 16:02:35	2016-12-01 02:06:23
171	62:01:94:0d:ab:fb	118.68.23.221	5abe5a5704da0fa9	1	2016-12-01 01:42:05	2016-12-01 12:38:09
172	60:01:94:0d:ab:fb	118.68.23.221	929be1872cdbec32	1	2016-12-01 02:06:04	2016-12-01 04:33:39
173	5c:cf:7f:13:5d:9f	171.232.103.87	c50e96db0911ee8f	1	2016-12-01 02:12:48	2016-12-01 02:16:20
174	5c:cf:7f:13:5d:9f	171.232.103.87	452a397d383d8819	1	2016-12-01 02:16:01	2016-12-02 02:09:08
175	60:01:94:0d:ab:fb	118.68.23.221	9dc76323269cb070	1	2016-12-01 04:33:15	2016-12-01 13:22:47
176	NULL	NULL	1deb2b204b3c0a11	0	2016-12-01 12:28:20	2016-12-01 12:28:20
177	62:01:94:0d:ab:fb	118.68.23.221	da49a7a2a572df61	1	2016-12-01 12:37:45	2016-12-02 16:36:19
178	60:01:94:0d:ab:fb	118.68.23.221	c06fb918e50bbd90	1	2016-12-01 13:22:23	2016-12-01 15:25:33
179	5c:cf:7f:80:3e:f0	171.232.84.88	ca6a57c21243da51	1	2016-12-01 14:18:10	2016-12-02 03:35:33
180	60:01:94:0d:ab:fb	118.68.23.221	8a541aa54b37d0de	1	2016-12-01 15:25:09	2016-12-02 06:31:25
181	NULL	NULL	8518b4549b83f30c	0	2016-12-02 01:32:10	2016-12-02 01:32:10
182	5e:cf:7f:13:5d:9f	118.68.20.56	52a207cf6bbe19c2	1	2016-12-02 01:33:27	2016-12-03 10:34:20
183	5c:cf:7f:13:5d:9f	171.232.84.88	5d4d58d8ca9667c6	1	2016-12-02 02:08:53	2016-12-02 02:14:06
184	5c:cf:7f:13:5d:9f	171.232.84.88	52d0d107ff3216c0	1	2016-12-02 02:13:47	2016-12-02 02:22:59
185	NULL	NULL	a5869c3c0221df27	0	2016-12-02 02:18:19	2016-12-02 02:18:19
186	5c:cf:7f:13:5d:9f	171.232.84.88	eb7c743b71135818	1	2016-12-02 02:22:45	2016-12-02 06:48:54
187	5c:cf:7f:80:3e:f0	171.232.84.88	3b9f42f4608d2340	1	2016-12-02 03:35:07	2016-12-02 03:46:57
188	5c:cf:7f:80:3e:f0	171.232.84.88	fe8c022479f7f7dd	1	2016-12-02 03:46:32	2016-12-02 06:07:27
189	5c:cf:7f:80:3e:f0	171.232.84.88	523e9d1179a0382c	1	2016-12-02 06:07:01	2016-12-02 06:11:41
190	5c:cf:7f:80:3e:f0	171.232.84.88	2daf48a39725f923	1	2016-12-02 06:11:16	2016-12-02 08:34:13
191	5c:cf:7f:80:3e:f0	118.68.20.56	79f3b92d1286c2f4	1	2016-12-02 06:15:34	2016-12-02 12:11:02
192	60:01:94:0d:ab:fb	118.68.20.56	dadeb6cc556b1d81	1	2016-12-02 06:31:06	2016-12-02 06:38:40
193	60:01:94:0d:ab:fb	118.68.20.56	d6a9c185cfbcbc1e	1	2016-12-02 06:38:21	2016-12-02 07:31:59
194	5c:cf:7f:13:5d:9f	118.68.20.56	c386ded8b6e5fc1b	1	2016-12-02 06:48:40	2016-12-02 09:04:52
195	60:01:94:0d:ab:fb	118.68.20.56	9f53eef5e6ac2715	1	2016-12-02 07:31:35	2016-12-02 08:02:15
196	60:01:94:0d:ab:fb	118.68.20.56	1ce26a0b1bc44820	1	2016-12-02 08:01:55	2016-12-02 08:32:56
197	60:01:94:0d:ab:fb	118.68.20.56	c920c9184e2451a8	1	2016-12-02 08:32:38	2016-12-02 15:37:27
198	5c:cf:7f:13:5d:9f	171.232.84.88	312ed8de14617336	0	2016-12-02 09:04:37	2016-12-02 09:04:52
199	5c:cf:7f:80:3e:f0	118.68.20.56	c135b05be4b338e2	1	2016-12-02 12:10:45	2016-12-02 14:23:50
200	5c:cf:7f:80:3e:f0	118.68.20.56	c705cf74641063e8	1	2016-12-02 14:23:27	2016-12-02 14:34:29
201	5c:cf:7f:80:3e:f0	118.68.20.56	5f122459f12d20ec	1	2016-12-02 14:34:03	2016-12-02 14:54:12
202	5c:cf:7f:80:3e:f0	118.68.20.56	9cd786bc7d16b59a	1	2016-12-02 14:53:49	2016-12-02 16:21:20
203	60:01:94:0d:ab:fb	118.68.20.56	5c5d460c71c3503c	1	2016-12-02 15:37:02	2016-12-06 13:52:43
204	5c:cf:7f:80:3e:f0	171.232.84.88	837972a0ce8ce2fb	1	2016-12-02 16:20:56	2016-12-03 03:58:32
205	62:01:94:0d:ab:fb	118.68.20.56	8fe4cd86ce2343f4	1	2016-12-02 16:35:56	2016-12-07 08:01:37
206	5c:cf:7f:80:3e:f0	123.17.155.165	5246ad048154a8a9	1	2016-12-03 03:58:20	2016-12-03 05:12:43
207	NULL	NULL	1985f06ae0c2c8dc	0	2016-12-03 05:00:17	2016-12-03 05:00:17
208	NULL	NULL	e0c979a0804d175d	0	2016-12-03 05:04:33	2016-12-03 05:04:33
209	NULL	NULL	88af52f9ddd0ed35	0	2016-12-03 05:08:08	2016-12-03 05:08:08
210	5c:cf:7f:80:3e:f0	123.17.151.0	e2196dea526c4dc3	1	2016-12-03 05:12:24	2016-12-03 08:39:57
211	5c:cf:7f:80:3e:f0	123.17.151.0	db7f0a26c68db617	1	2016-12-03 08:39:33	2016-12-03 08:44:47
212	5c:cf:7f:80:3e:f0	123.17.151.0	307ea6de3d269542	1	2016-12-03 08:44:18	2016-12-03 08:58:24
213	5c:cf:7f:80:3e:f0	123.17.151.0	ef2bf04bd77c4280	1	2016-12-03 08:57:55	2016-12-03 09:20:22
214	NULL	NULL	f4c57f5937281390	0	2016-12-03 09:16:22	2016-12-03 09:16:22
215	5c:cf:7f:80:3e:f0	123.17.155.230	23eeb36fb1b95e31	0	2016-12-03 09:19:53	2016-12-08 07:01:48
216	5e:cf:7f:13:5d:9f	116.98.7.221	99f72697c89035f3	1	2016-12-03 10:34:12	2016-12-03 16:21:45
217	5e:cf:7f:13:5d:9f	116.98.79.139	61bd3c27d1f250d8	1	2016-12-03 16:21:41	2017-01-07 15:06:09
218	NULL	NULL	69ce24e51b99dfac	0	2016-12-05 04:29:43	2016-12-05 04:29:43
219	NULL	NULL	4b081122409768c9	0	2016-12-05 05:40:07	2016-12-05 05:40:07
220	NULL	NULL	4c1fcc819cb4e632	0	2016-12-05 06:19:32	2016-12-05 06:19:32
221	NULL	NULL	6efb1aacc67bccb1	0	2016-12-06 02:17:40	2016-12-06 02:17:40
222	NULL	NULL	d3b94391eaf71057	0	2016-12-06 02:23:55	2016-12-06 02:23:55
223	NULL	NULL	3ddb329c2671b372	0	2016-12-06 02:44:21	2016-12-06 02:44:21
224	NULL	NULL	cfc42c6269714544	0	2016-12-06 02:58:52	2016-12-06 02:58:52
225	NULL	NULL	974aaf6668b086ed	0	2016-12-06 10:08:10	2016-12-06 10:08:10
226	NULL	NULL	12345678912345hn	0	2016-12-06 12:16:30	2016-12-06 12:16:30
227	ab:cd:ef:ab:cd:ef	66.102.6.89	12345678912345sf	1	2016-12-06 13:48:04	2016-12-07 03:24:57
228	60:01:94:0d:ab:fb	118.68.20.56	dfca0e376e4602bb	1	2016-12-06 13:52:16	2016-12-06 13:57:01
229	60:01:94:0d:ab:fb	118.68.20.56	f6675795d22938ad	1	2016-12-06 13:56:36	2016-12-07 03:03:38
230	NULL	NULL	b12de2484bd8cfa0	0	2016-12-07 01:18:02	2016-12-07 01:18:02
231	60:01:94:0d:ab:fb	171.232.99.190	50e686d987d86377	1	2016-12-07 03:03:08	2016-12-07 03:09:56
232	NULL	NULL	84dd004372335687	0	2016-12-07 03:05:47	2016-12-07 03:05:47
233	60:01:94:0d:ab:fb	118.68.20.56	afee6619d39c7c23	1	2016-12-07 03:09:29	2016-12-07 03:27:26
234	60:01:94:0d:ab:fb	118.68.20.56	a8026e01e813e9b4	1	2016-12-07 03:26:59	2016-12-07 03:39:48
235	60:01:94:0d:ab:fb	66.102.6.88	12345678912345ww	1	2016-12-07 03:37:33	2016-12-14 06:46:34
236	62:01:94:0d:ab:fb	1.52.230.223	528a74013ce83d27	0	2016-12-07 08:01:14	2017-01-04 16:24:11
237	5e:cf:7f:c4:40:25	171.232.102.25	f8a09d6bdb7b4ba9	1	2016-12-12 08:10:35	2016-12-12 08:13:09
238	5e:cf:7f:c4:40:25	1.52.226.239	2c581ab29bdeb09f	1	2016-12-12 08:12:45	2016-12-12 08:19:34
239	5e:cf:7f:c4:40:25	1.52.226.239	79e46beff06eb4a7	1	2016-12-12 08:19:09	2016-12-14 11:22:33
240	5c:cf:7f:c4:40:25	1.52.226.239	acca7d5819e7c728	1	2016-12-12 09:11:27	2016-12-12 10:23:10
241	5c:cf:7f:c4:40:25	1.52.226.239	2df1ee75781c5839	1	2016-12-12 10:22:54	2016-12-12 10:36:25
242	5c:cf:7f:c4:40:25	1.52.226.239	e464cf8660484473	1	2016-12-12 10:36:00	2016-12-13 07:06:07
243	NULL	NULL	123456789123456a	0	2016-12-12 14:38:51	2016-12-12 14:38:51
244	5c:cf:7f:c4:40:25	1.52.226.239	f1030a232ff66a90	1	2016-12-13 07:05:50	2016-12-14 10:47:50
245	60:01:94:0d:ab:fb	1.52.226.239	caaaedd29ccfd545	1	2016-12-14 06:46:09	2016-12-14 08:35:03
246	NULL	NULL	c921ce23326308ba	0	2016-12-14 08:28:09	2016-12-14 08:28:09
247	60:01:94:0d:ab:fb	1.52.226.239	51a531a6a20435a8	1	2016-12-14 08:34:37	2016-12-14 09:20:20
248	60:01:94:0d:ab:fb	1.52.226.239	6dc5e07cc138e084	1	2016-12-14 09:20:06	2016-12-14 09:39:32
249	60:01:94:0d:ab:fb	1.52.226.239	4f96f983799c66ec	1	2016-12-14 09:39:08	2016-12-14 09:54:00
250	60:01:94:0d:ab:fb	1.52.226.239	e893c9ea7b63ee89	1	2016-12-14 09:53:38	2016-12-14 10:20:45
251	NULL	NULL	679b27e9d26d59e7	0	2016-12-14 10:14:27	2016-12-14 10:14:27
252	60:01:94:0d:ab:fb	1.52.226.239	03a57579ab54856b	1	2016-12-14 10:20:24	2016-12-24 09:43:28
253	5c:cf:7f:c4:40:25	1.52.226.239	7d6761a439b1a7ee	1	2016-12-14 10:47:31	2016-12-14 10:54:42
254	5c:cf:7f:c4:40:25	1.52.226.239	74ef2adfc67a8700	1	2016-12-14 10:54:19	2016-12-14 11:01:35
255	5c:cf:7f:c4:40:25	1.52.226.239	d5435e9ab9fd14ef	1	2016-12-14 11:01:12	2016-12-14 11:10:26
256	5c:cf:7f:c4:40:25	1.52.226.239	1e4a5e7bc6df361d	1	2016-12-14 11:10:16	2016-12-14 11:18:05
257	5c:cf:7f:c4:40:25	1.52.226.239	09dfc1fbd63144f5	1	2016-12-14 11:17:45	2016-12-14 11:46:59
258	5e:cf:7f:c4:40:25	1.52.226.239	62c1e31e5b3ce12f	1	2016-12-14 11:22:10	2016-12-15 07:21:18
259	5c:cf:7f:c4:40:25	1.52.226.239	072c423a20ad5f9b	1	2016-12-14 11:46:51	2016-12-14 11:54:12
260	5c:cf:7f:c4:40:25	1.52.226.239	001968e0e5c137c6	1	2016-12-14 11:53:46	2016-12-14 12:04:39
261	5c:cf:7f:c4:40:25	1.52.226.239	b90f559c1d0f2fde	1	2016-12-14 12:04:14	2016-12-14 12:11:51
262	5c:cf:7f:c4:40:25	1.52.226.239	b447cb251faf7d99	1	2016-12-14 12:11:26	2016-12-14 12:16:13
263	5c:cf:7f:c4:40:25	1.52.226.239	7691a3918dd8d0aa	1	2016-12-14 12:15:50	2016-12-14 12:20:21
264	5c:cf:7f:c4:40:25	1.52.226.239	d5413be73df79115	1	2016-12-14 12:20:17	2016-12-15 10:12:47
265	5e:cf:7f:c4:40:25	1.52.226.239	87c658704ed92189	1	2016-12-15 07:21:04	2017-01-11 08:17:54
266	5c:cf:7f:c4:40:25	1.52.226.239	4bc8c60223776f23	1	2016-12-15 10:12:24	2016-12-21 07:52:00
267	5c:cf:7f:c4:40:25	14.161.25.236	3ee56313ae7924b0	1	2016-12-21 07:51:41	2017-01-09 09:16:13
268	NULL	NULL	de20721007aa4b54	0	2016-12-21 11:28:50	2016-12-21 11:28:50
269	5c:cf:7f:c3:8e:18	1.52.226.239	04cebba3ab163534	1	2016-12-22 10:38:24	2016-12-23 04:18:59
270	NULL	NULL	07f9ee0f449dfb2b	0	2016-12-22 11:37:33	2016-12-22 11:37:33
271	NULL	NULL	1234567890123456	0	2016-12-22 15:33:21	2016-12-22 15:33:21
272	NULL	NULL	27066be3ebee9d8d	0	2016-12-22 16:07:14	2016-12-22 16:07:14
273	NULL	NULL	c78ffc932ae9b3c7	0	2016-12-22 16:10:27	2016-12-22 16:10:27
274	5c:cf:7f:c3:8e:18	1.52.226.239	950189647ab035b2	1	2016-12-23 04:18:34	2016-12-23 11:03:04
275	5c:cf:7f:c3:8e:18	1.52.226.239	b4d8bd104d69f2b0	1	2016-12-23 11:02:37	2017-01-12 08:37:34
276	NULL	NULL	a3129c1c836a95d9	0	2016-12-23 14:28:59	2016-12-23 14:28:59
277	NULL	NULL	a59a7900eebe73e5	0	2016-12-23 14:42:35	2016-12-23 14:42:35
278	NULL	NULL	c3ead782707c0b0e	0	2016-12-23 14:51:56	2016-12-23 14:51:56
279	NULL	NULL	2c2d4c710684288c	0	2016-12-24 09:39:06	2016-12-24 09:39:06
280	60:01:94:0d:ab:fb	1.52.226.239	86e90877918c0293	1	2016-12-24 09:42:57	2017-01-21 07:55:45
281	NULL	NULL	9b3637510d3b3243	0	2016-12-26 16:22:00	2016-12-26 16:22:00
282	NULL	NULL	4c346dbd8e25359f	0	2016-12-26 16:47:38	2016-12-26 16:47:38
283	NULL	NULL	9dd16295b46fce58	0	2016-12-26 18:00:04	2016-12-26 18:00:04
284	NULL	NULL	e0baa6036ad38a6f	0	2016-12-27 15:02:58	2016-12-27 15:02:58
285	NULL	NULL	6a394007721045d3	0	2016-12-27 15:06:27	2016-12-27 15:06:27
286	NULL	NULL	123456789123456k	0	2016-12-28 08:18:51	2016-12-28 08:18:51
287	NULL	NULL	4d5054d5d005007f	0	2017-01-02 06:54:46	2017-01-02 06:54:46
288	5e:cf:7f:13:5d:9f	171.251.79.1	e2f8bdf1acb4258c	0	2017-01-07 15:05:45	2017-01-19 11:01:00
289	NULL	NULL	e2f8bdf1acb4258c	0	2017-01-07 15:05:45	2017-01-07 15:05:45
290	NULL	NULL	e2f8bdf1acb4258c	0	2017-01-07 15:05:55	2017-01-07 15:05:55
291	NULL	NULL	5f2431eee1633033	0	2017-01-09 06:10:12	2017-01-09 06:10:12
292	5c:cf:7f:c4:40:25	1.52.230.223	21d4b368eb27920c	1	2017-01-09 09:15:49	2017-01-10 01:56:38
293	5c:cf:7f:c4:40:25	1.52.230.223	23613aad58dbc33d	1	2017-01-10 01:56:21	2017-01-11 06:56:59
294	NULL	NULL	aaaef082dc037f2d	0	2017-01-11 04:34:46	2017-01-11 04:34:46
295	NULL	NULL	3dba29b60555a4d6	0	2017-01-11 04:37:18	2017-01-11 04:37:18
296	NULL	NULL	d7dc59bc20c7e22a	0	2017-01-11 04:49:28	2017-01-11 04:49:28
297	NULL	NULL	12345678912345sf	0	2017-01-11 05:04:33	2017-01-11 05:04:33
298	NULL	NULL	3e57770945804139	0	2017-01-11 05:07:19	2017-01-11 05:07:19
299	NULL	NULL	12345678912345kj	0	2017-01-11 05:16:50	2017-01-11 05:16:50
300	ab:cd:ef:ab:cd:ef	118.107.96.9	12345678912345kn	1	2017-01-11 05:17:28	2017-01-11 05:52:58
301	NULL	NULL	a0a6cca542fb7b4f	0	2017-01-11 05:33:14	2017-01-11 05:33:14
302	NULL	NULL	45e1676db9400a09	0	2017-01-11 05:51:15	2017-01-11 05:51:15
303	ab:cd:ef:ab:cd:ef	118.107.96.9	12345678912345ln	1	2017-01-11 05:52:44	2017-01-18 05:44:42
304	NULL	NULL	cea763d2d3badf39	0	2017-01-11 06:03:17	2017-01-11 06:03:17
305	NULL	NULL	96ae3f3ffe94752c	0	2017-01-11 06:51:27	2017-01-11 06:51:27
306	5c:cf:7f:c4:40:25	1.52.230.223	79043100c216b86c	1	2017-01-11 06:56:39	2017-01-11 10:15:24
307	NULL	NULL	bd6b567b996a4096	0	2017-01-11 07:00:52	2017-01-11 07:00:52
308	NULL	NULL	e24db0b61b2fb7e0	0	2017-01-11 07:12:14	2017-01-11 07:12:14
309	5e:cf:7f:c4:40:25	1.52.230.223	ef30e9dba8d2e7cb	1	2017-01-11 08:17:30	2017-01-11 08:21:54
310	5e:cf:7f:c4:40:25	115.76.184.165	4872343984ea6ec5	1	2017-01-11 08:21:32	2017-01-20 07:15:19
311	NULL	NULL	f4612e6687453345	0	2017-01-11 10:12:22	2017-01-11 10:12:22
312	5c:cf:7f:c4:40:25	1.52.230.223	ab8534427a62ee2b	1	2017-01-11 10:14:59	2017-02-11 05:45:47
313	5c:cf:7f:13:5b:d3	1.52.230.223	a076385ddb35ee63	1	2017-01-11 10:18:49	2017-01-11 11:52:17
314	5e:cf:7f:13:5b:d3	1.52.230.223	ae71db0e27d477c9	1	2017-01-11 11:12:20	2017-01-11 11:19:05
315	5e:cf:7f:13:5b:d3	1.52.230.223	f40233dd6f292b9a	1	2017-01-11 11:18:40	2017-01-11 11:22:05
316	5e:cf:7f:13:5b:d3	1.52.230.223	f845ceb86c0d39a2	1	2017-01-11 11:21:38	2017-01-11 15:00:04
317	5c:cf:7f:13:5b:d3	1.52.230.223	724429afac1bb0a2	1	2017-01-11 11:51:50	2017-01-11 12:29:07
318	5c:cf:7f:13:5b:d3	1.52.230.223	c450cfd3e48016dd	1	2017-01-11 12:28:57	2017-01-11 13:37:23
319	NULL	NULL	cfc3f5da26a4db83	0	2017-01-11 13:01:07	2017-01-11 13:01:07
320	NULL	NULL	8053f6aa96ba4e11	0	2017-01-11 13:31:11	2017-01-11 13:31:11
321	5c:cf:7f:13:5b:d3	1.52.230.223	e46eabc456891f95	1	2017-01-11 13:36:58	2017-01-11 13:39:37
322	5c:cf:7f:13:5b:d3	1.52.230.223	df1cc0afc41735e1	1	2017-01-11 13:39:07	2017-01-11 13:42:18
323	5c:cf:7f:13:5b:d3	1.52.230.223	eb539ce4758c4d13	1	2017-01-11 13:41:51	2017-01-11 14:39:09
324	5c:cf:7f:13:5b:d3	1.52.230.223	9273e2aee8fd1b14	1	2017-01-11 14:38:43	2017-01-11 15:48:20
325	5e:cf:7f:13:5b:d3	1.52.230.223	724429afac1bb0a2	1	2017-01-11 14:59:59	2017-01-11 15:00:28
326	5e:cf:7f:13:5b:d3	1.52.230.223	724429afac1bb012	1	2017-01-11 15:00:18	2017-01-11 15:03:29
327	5e:cf:7f:13:5b:d3	1.52.230.223	724429afac1bb013	1	2017-01-11 15:01:47	2017-01-11 15:04:12
328	5e:cf:7f:13:5b:d3	1.52.230.223	724429afac1bb014	1	2017-01-11 15:03:59	2017-01-11 15:10:17
329	5e:cf:7f:13:5b:d3	1.52.230.223	724429afac1bb015	1	2017-01-11 15:10:08	2017-01-11 15:10:38
330	5e:cf:7f:13:5b:d3	1.52.230.223	724429afac1bb016	1	2017-01-11 15:10:32	2017-01-11 15:13:02
331	NULL	NULL	724429afac1bb017	0	2017-01-11 15:12:24	2017-01-11 15:12:24
332	5e:cf:7f:13:5b:d3	1.52.230.223	724429afac1bb018	1	2017-01-11 15:12:42	2017-01-11 15:13:28
333	5e:cf:7f:13:5b:d3	1.52.230.223	724429afac1bb019	1	2017-01-11 15:13:16	2017-01-11 15:26:47
334	NULL	NULL	724429afac1bb020	0	2017-01-11 15:19:45	2017-01-11 15:19:45
335	NULL	NULL	724429afac1bb018	0	2017-01-11 15:19:58	2017-01-11 15:19:58
336	5e:cf:7f:13:5b:d3	1.52.230.223	3224843fced1148e	1	2017-01-11 15:26:20	2017-01-12 01:21:46
337	NULL	NULL	33b8cddcd1daeb1a	0	2017-01-11 15:30:32	2017-01-11 15:30:32
338	NULL	NULL	999d41513ccafcea	0	2017-01-11 15:34:04	2017-01-11 15:34:04
339	5c:cf:7f:13:5b:d3	1.52.230.223	24b9cd6c6808d3b9	1	2017-01-11 15:47:54	2017-01-12 01:05:45
340	5c:cf:7f:13:5b:d3	1.52.230.223	0e84850df1488ad8	1	2017-01-12 01:04:26	2017-01-12 01:07:26
341	5c:cf:7f:13:5b:d3	1.52.230.223	97fb57533c31b2f1	1	2017-01-12 01:06:59	2017-01-12 04:21:54
342	5e:cf:7f:13:5b:d3	115.72.31.164	51b1e9c4beb92162	1	2017-01-12 01:21:20	2017-01-12 08:24:58
343	NULL	NULL	e4b6534cd44b53cd	0	2017-01-12 04:03:04	2017-01-12 04:03:04
344	NULL	NULL	e4b6534cd44b53cd	0	2017-01-12 04:03:05	2017-01-12 04:03:05
345	NULL	NULL	e4b6534cd44b53cd	0	2017-01-12 04:03:05	2017-01-12 04:03:05
346	NULL	NULL	e4b6534cd44b53cd	0	2017-01-12 04:03:05	2017-01-12 04:03:05
347	NULL	NULL	e4b6534cd44b53cd	0	2017-01-12 04:03:05	2017-01-12 04:03:05
348	NULL	NULL	e4b6534cd44b53cd	0	2017-01-12 04:03:04	2017-01-12 04:03:04
349	NULL	NULL	e4b6534cd44b53cd	0	2017-01-12 04:03:05	2017-01-12 04:03:05
350	NULL	NULL	c2f49c6f895ebf4c	0	2017-01-12 04:04:44	2017-01-12 04:04:44
351	NULL	NULL	d8f6e0ba90b92d76	0	2017-01-12 04:07:26	2017-01-12 04:07:26
352	5c:cf:7f:13:5b:d3	1.52.230.223	2b50c1f7c28eb809	1	2017-01-12 04:21:30	2017-01-12 04:24:03
353	5c:cf:7f:13:5b:d3	1.52.230.223	7013ab5c356bf073	1	2017-01-12 04:23:38	2017-01-12 04:58:32
354	5c:cf:7f:13:5b:d3	1.52.230.223	33e0b10f45184c50	1	2017-01-12 04:58:08	2017-01-12 07:34:16
355	NULL	NULL	c853f1145025b2fc	0	2017-01-12 06:49:50	2017-01-12 06:49:50
356	NULL	NULL	c67fbfac72a64e90	0	2017-01-12 07:10:19	2017-01-12 07:10:19
357	NULL	NULL	9114bbe69bc6283c	0	2017-01-12 07:15:33	2017-01-12 07:15:33
358	5c:cf:7f:13:5b:d3	118.107.96.5	001773cc71b2b446	1	2017-01-12 07:33:50	2017-01-12 08:19:39
359	NULL	NULL	eae319bc4629c71a	0	2017-01-12 07:39:25	2017-01-12 07:39:25
360	NULL	NULL	7e4eba2685bbea5d	0	2017-01-12 07:42:36	2017-01-12 07:42:36
361	5c:cf:7f:13:5b:d3	118.107.96.5	0eebdd8d54e04277	1	2017-01-12 08:19:13	2017-01-12 11:31:52
362	5e:cf:7f:13:5b:d3	118.107.96.5	b5db6eab1879f856	1	2017-01-12 08:24:32	2017-01-12 08:31:45
363	5e:cf:7f:13:5b:d3	118.107.96.5	a38db303fe650f81	1	2017-01-12 08:31:19	2017-01-17 11:19:40
364	5c:cf:7f:c3:8e:18	118.107.96.5	a0d9395521a9566e	1	2017-01-12 08:37:06	2017-01-13 03:02:54
365	5c:cf:7f:13:5b:d3	42.117.126.132	99bf3988a261a6e4	1	2017-01-12 11:31:24	2017-01-17 11:50:27
366	NULL	NULL	703c0902e0fd4742	0	2017-01-12 16:54:14	2017-01-12 16:54:14
367	5c:cf:7f:c3:8e:18	118.107.96.5	576a230c9a87f240	1	2017-01-13 03:02:43	2017-02-11 08:46:45
368	NULL	NULL	5b77c176b8efb399	0	2017-01-13 03:41:42	2017-01-13 03:41:42
369	NULL	NULL	88abf5a251ea79c3	0	2017-01-17 02:43:44	2017-01-17 02:43:44
370	NULL	NULL	e7d860cc63507c3a	0	2017-01-17 03:01:15	2017-01-17 03:01:15
371	NULL	NULL	604afd6a598158ea	0	2017-01-17 03:31:39	2017-01-17 03:31:39
372	5e:cf:7f:13:5b:d3	42.117.126.132	5a7288dc3b859f34	1	2017-01-17 11:19:15	2017-01-21 02:57:32
373	5c:cf:7f:13:5b:d3	42.117.126.132	ba888c2e94a2f381	1	2017-01-17 11:50:00	2017-01-18 04:48:33
374	5c:cf:7f:13:5b:d3	42.117.126.132	ca0ac0beabe218ae	1	2017-01-18 04:48:27	2017-01-18 08:52:19
375	NULL	NULL	ca0ac0beabe218ae	0	2017-01-18 04:48:27	2017-01-18 04:48:27
376	NULL	NULL	ca0ac0beabe218ae	0	2017-01-18 04:48:27	2017-01-18 04:48:27
377	NULL	NULL	a1071a45fbfac300	0	2017-01-18 05:41:28	2017-01-18 05:41:28
378	NULL	NULL	a1071a45fbfac300	0	2017-01-18 05:41:28	2017-01-18 05:41:28
379	NULL	NULL	a1071a45fbfac300	0	2017-01-18 05:41:28	2017-01-18 05:41:28
380	NULL	NULL	a1071a45fbfac300	0	2017-01-18 05:41:28	2017-01-18 05:41:28
381	NULL	NULL	a1071a45fbfac300	0	2017-01-18 05:41:28	2017-01-18 05:41:28
382	NULL	NULL	a1071a45fbfac300	0	2017-01-18 05:41:28	2017-01-18 05:41:28
383	NULL	NULL	a1071a45fbfac300	0	2017-01-18 05:41:28	2017-01-18 05:41:28
384	NULL	NULL	a1071a45fbfac300	0	2017-01-18 05:41:28	2017-01-18 05:41:28
385	NULL	NULL	a1071a45fbfac300	0	2017-01-18 05:41:28	2017-01-18 05:41:28
386	ab:cd:ef:ab:cd:ef	27.75.239.179	12345678912345md	1	2017-01-18 05:42:38	2017-01-18 05:46:34
387	ab:cd:ef:ab:cd:ef	42.117.126.132	12345678912345mj	1	2017-01-18 05:44:41	2017-01-18 06:02:40
388	NULL	NULL	9721ec20c1121af1	0	2017-01-18 05:45:50	2017-01-18 05:45:50
389	NULL	NULL	9721ec20c1121af1	0	2017-01-18 05:45:43	2017-01-18 05:45:43
390	NULL	NULL	9721ec20c1121af1	0	2017-01-18 05:45:50	2017-01-18 05:45:50
391	NULL	NULL	9721ec20c1121af1	0	2017-01-18 05:45:43	2017-01-18 05:45:43
392	NULL	NULL	9721ec20c1121af1	0	2017-01-18 05:45:52	2017-01-18 05:45:52
393	NULL	NULL	12345678912345mk	0	2017-01-18 05:48:52	2017-01-18 05:48:52
394	NULL	NULL	12345678912345mk	0	2017-01-18 05:48:52	2017-01-18 05:48:52
395	5e:cf:7f:c3:6f:f3	42.117.126.132	5e936d76bfbda5e1	1	2017-01-18 06:00:00	2017-01-18 07:00:18
396	ab:cd:ef:ab:cd:ef	42.117.126.132	12345678912345lf	1	2017-01-18 06:02:15	2017-02-07 09:33:32
397	5e:cf:7f:c3:6f:f3	42.117.126.132	7eb03d433fb6e798	1	2017-01-18 06:59:51	2017-01-18 07:09:29
398	5e:cf:7f:c3:6f:f3	42.117.126.132	106a3f29b4f4ae13	1	2017-01-18 07:09:04	2017-01-18 10:29:52
399	5c:cf:7f:c3:6f:f3	42.117.126.132	37b9eaf2c30abf67	1	2017-01-18 08:23:41	2017-01-18 10:06:01
400	NULL	NULL	5104effbc3cb1632	0	2017-01-18 08:46:54	2017-01-18 08:46:54
401	5c:cf:7f:13:5b:d3	42.117.126.132	1f31ae7ca2254605	1	2017-01-18 08:51:54	2017-01-19 10:13:46
402	5c:cf:7f:c3:6f:f3	42.117.126.132	9fef3ba36105e49c	1	2017-01-18 10:05:39	2017-01-20 06:14:25
403	5e:cf:7f:c3:6f:f3	42.117.126.132	e08dc4b46a6cd1da	1	2017-01-18 10:29:29	2017-01-20 09:59:41
404	NULL	NULL	123456789dd345ks	0	2017-01-19 09:57:49	2017-01-19 09:57:49
405	5c:cf:7f:13:5b:d3	42.117.126.132	c4a0201cb3080f9c	1	2017-01-19 10:13:21	2017-01-19 10:36:33
406	5c:cf:7f:13:5b:d3	42.117.126.132	08c974a5aaacaac0	1	2017-01-19 10:36:13	2017-01-19 10:43:29
407	5c:cf:7f:13:5b:d3	42.117.126.132	0c15eb4b33c6e24a	1	2017-01-19 10:43:09	2017-01-20 09:48:54
408	5c:cf:7f:c3:6f:f3	42.117.126.132	2053bbfebafac058	1	2017-01-20 06:14:01	2017-01-20 10:49:20
409	5e:cf:7f:c4:40:25	42.117.126.132	c72fa6105fe1ac01	0	2017-01-20 07:15:02	2017-01-20 07:15:19
410	5c:cf:7f:13:5b:d3	42.117.126.132	2c9170e892da4ddb	1	2017-01-20 09:48:29	2017-01-21 06:23:03
411	5e:cf:7f:c3:6f:f3	42.117.126.132	5f457cf3353f8bc0	0	2017-01-20 09:59:37	2017-01-20 09:59:41
412	5c:cf:7f:c3:6f:f3	42.117.126.132	f74452b6a19e8f22	1	2017-01-20 10:48:53	2017-01-22 12:14:14
413	NULL	NULL	475f1a193db0f873	0	2017-01-20 14:15:57	2017-01-20 14:15:57
414	NULL	NULL	691800faa5b3721b	0	2017-01-20 15:16:39	2017-01-20 15:16:39
415	NULL	NULL	12345678912345wf	0	2017-01-21 02:41:16	2017-01-21 02:41:16
416	NULL	NULL	12345678912345wg	0	2017-01-21 02:41:58	2017-01-21 02:41:58
417	5e:cf:7f:13:5b:d3	1.53.255.207	6c98481a7335d107	1	2017-01-21 02:57:07	2017-02-14 20:42:21
418	NULL	NULL	1eb6da19fd13485e	0	2017-01-21 05:26:46	2017-01-21 05:26:46
419	NULL	NULL	c4e6673ca064b30b	0	2017-01-21 05:36:09	2017-01-21 05:36:09
420	5c:cf:7f:13:5b:d3	1.53.255.207	102748cf47353e02	1	2017-01-21 06:22:38	2017-01-21 06:46:30
421	NULL	NULL	63bd81fa50950a9f	0	2017-01-21 06:24:18	2017-01-21 06:24:18
422	NULL	NULL	488852908ccc5fab	0	2017-01-21 06:32:57	2017-01-21 06:32:57
423	NULL	NULL	bcf52c89ab67a286	0	2017-01-21 06:40:41	2017-01-21 06:40:41
424	5c:cf:7f:13:5b:d3	58.186.173.65	d4ab128ae8a8d08c	1	2017-01-21 06:46:05	2017-02-08 09:33:33
425	NULL	NULL	2e85ecbc036df7ba	0	2017-01-21 07:50:50	2017-01-21 07:50:50
426	60:01:94:0d:ab:fb	1.53.255.207	236603697e6a631d	1	2017-01-21 07:53:48	2017-01-21 08:02:14
427	60:01:94:0d:ab:fb	1.53.255.207	2778bde0ebba1185	1	2017-01-21 08:01:45	2017-01-21 08:06:03
428	60:01:94:0d:ab:fb	1.53.255.207	bed7d18f68013c51	1	2017-01-21 08:05:32	2017-01-21 08:08:17
429	60:01:94:0d:ab:fb	1.53.255.207	9775c22364f002c2	1	2017-01-21 08:07:58	2017-01-21 08:09:47
430	60:01:94:0d:ab:fb	1.53.255.207	2778bde0ebba1185	1	2017-01-21 08:09:29	2017-01-21 08:11:39
431	60:01:94:0d:ab:fb	1.53.255.207	3687306156ec620f	1	2017-01-21 08:11:07	2017-01-21 08:14:58
432	60:01:94:0d:ab:fb	1.53.255.207	6372963d32ac6dd5	1	2017-01-21 08:14:27	2017-01-21 08:19:18
433	60:01:94:0d:ab:fb	1.53.255.207	559dc95083537766	1	2017-01-21 08:18:47	2017-01-21 08:21:42
434	60:01:94:0d:ab:fb	1.53.255.207	6372963d32ac6dd5	1	2017-01-21 08:21:25	2017-01-21 08:41:23
435	60:01:94:0d:ab:fb	1.53.255.207	3c677720ef6dc2c4	1	2017-01-21 08:40:52	2017-02-18 09:02:14
436	5c:cf:7f:c3:6f:f3	171.233.118.233	8452f8f872ef3ca8	1	2017-01-22 12:13:50	2017-01-23 08:51:24
437	NULL	NULL	f20f7088c826980a	0	2017-01-23 08:24:16	2017-01-23 08:24:16
438	NULL	NULL	9ac6e0fafcbb03ab	0	2017-01-23 08:41:51	2017-01-23 08:41:51
439	5c:cf:7f:c3:6f:f3	116.106.106.236	20aaf90f47d10ee6	0	2017-01-23 08:51:00	2017-02-09 00:33:50
440	NULL	NULL	5068a2bc04f2f3b1	0	2017-02-05 07:14:29	2017-02-05 07:14:29
441	NULL	NULL	70b36e3f1543cf02	0	2017-02-05 07:32:18	2017-02-05 07:32:18
442	NULL	NULL	14d5c403e7f9d4e7	0	2017-02-06 03:17:52	2017-02-06 03:17:52
443	ab:cd:ef:ab:cd:ef	66.102.7.224	1234567891234567	1	2017-02-07 04:15:22	2017-02-11 04:58:14
444	NULL	NULL	12345678hj234567	0	2017-02-07 05:39:31	2017-02-07 05:39:31
445	NULL	NULL	12345678kh234567	0	2017-02-07 10:36:41	2017-02-07 10:36:41
446	NULL	NULL	1234s678kh234567	0	2017-02-07 10:37:07	2017-02-07 10:37:07
447	NULL	NULL	258575dcc723b28a	0	2017-02-08 03:11:03	2017-02-08 03:11:03
448	NULL	NULL	7792d9e76d801b5f	0	2017-02-08 04:18:00	2017-02-08 04:18:00
449	NULL	NULL	85c9b9ab81be9bda	0	2017-02-08 04:29:09	2017-02-08 04:29:09
450	NULL	NULL	a1bcfc11de123ea0	0	2017-02-08 04:41:49	2017-02-08 04:41:49
451	5c:cf:7f:13:5b:d3	58.186.173.65	619a7c9b644dc77f	1	2017-02-08 09:33:08	2017-02-10 04:27:03
452	NULL	NULL	d6d56f1e31dd2ce8	0	2017-02-10 03:44:21	2017-02-10 03:44:21
453	5c:cf:7f:13:5b:d3	118.68.84.70	e2e33bf4c7914c6f	1	2017-02-10 04:26:36	2017-02-11 11:58:17
454	NULL	NULL	c29d27355f3009ab	0	2017-02-10 07:33:36	2017-02-10 07:33:36
455	NULL	NULL	634c8dfcb027d847	0	2017-02-11 03:11:47	2017-02-11 03:11:47
456	NULL	NULL	c22e1e3a78e7ddda	0	2017-02-11 03:50:11	2017-02-11 03:50:11
457	NULL	NULL	e54b4a671afe11aa	0	2017-02-11 04:39:11	2017-02-11 04:39:11
458	NULL	NULL	12345678912345fg	0	2017-02-11 04:54:40	2017-02-11 04:54:40
459	ab:cd:ef:ab:cd:ef	118.107.96.9	1234567891234mng	1	2017-02-11 04:57:48	2017-02-12 07:26:15
460	5e:cf:7f:c3:8e:18	118.107.96.9	62e9afe142434a28	1	2017-02-11 05:08:15	2017-02-17 11:32:11
461	5c:cf:7f:c4:40:25	14.169.29.32	b5040b90c43bc706	1	2017-02-11 05:45:34	2017-02-11 08:40:22
462	5c:cf:7f:c4:40:25	14.169.29.32	5855cf4d3b0ea3de	0	2017-02-11 08:40:09	2017-02-11 08:40:22
463	5c:cf:7f:c3:8e:18	118.107.96.9	2fe58ca41e114e3c	1	2017-02-11 08:46:18	2017-02-11 08:52:33
464	5c:cf:7f:c3:8e:18	118.107.96.9	e6276ee99ba2a1ca	1	2017-02-11 08:52:23	2017-02-16 16:02:14
465	5c:cf:7f:13:5b:d3	118.68.17.59	e0aa5ef70bef746a	1	2017-02-11 11:57:53	2017-02-15 15:52:42
466	ab:cd:ef:ab:cd:ef	66.102.7.226	1234567891234567	1	2017-02-12 07:26:15	2017-02-12 15:42:42
467	ab:cd:ef:ab:cd:ef	27.75.238.63	12345678s1234567	1	2017-02-12 15:42:30	2017-02-14 09:00:53
468	ab:cd:ef:ab:cd:ef	66.102.7.226	1234567891234567	0	2017-02-13 10:27:38	2017-02-14 09:00:53
469	5e:cf:7f:13:5b:d3	118.68.17.59	a29e929d6333e331	1	2017-02-14 20:41:51	2017-02-14 20:49:28
470	5e:cf:7f:13:5b:d3	118.68.17.59	cbe094a430e93a08	1	2017-02-14 20:49:07	2017-02-14 21:07:10
471	5e:cf:7f:13:5b:d3	118.68.17.59	1929650525dd1086	1	2017-02-14 21:06:39	2017-02-14 21:10:28
472	5e:cf:7f:13:5b:d3	118.68.17.59	5677bf3cc0fe75d5	1	2017-02-14 21:09:57	2017-02-14 21:17:24
473	5e:cf:7f:13:5b:d3	118.68.17.59	13f651938056a919	1	2017-02-14 21:17:06	2017-02-14 21:22:55
474	5e:cf:7f:13:5b:d3	118.68.17.59	b5537e8cb0912959	1	2017-02-14 21:22:25	2017-02-14 21:25:39
475	5e:cf:7f:13:5b:d3	118.68.17.59	f16f6d43291d8b3b	1	2017-02-14 21:25:21	2017-02-14 21:32:54
476	5e:cf:7f:13:5b:d3	118.68.17.59	f01de48b67acd9f5	0	2017-02-14 21:32:23	2017-02-14 21:32:54
477	NULL	NULL	123456789dd345ss	0	2017-02-14 21:35:58	2017-02-14 21:35:58
478	NULL	NULL	5330aa1c16477eef	0	2017-02-15 10:12:08	2017-02-15 10:12:08
479	NULL	NULL	a7130b318addba95	0	2017-02-15 13:53:26	2017-02-15 13:53:26
480	5c:cf:7f:13:5b:d3	58.186.187.26	1343752b5cf2172f	1	2017-02-15 15:52:24	2017-02-16 09:05:24
481	NULL	NULL	6be6478f7f0be417	0	2017-02-15 19:41:44	2017-02-15 19:41:44
482	5c:cf:7f:13:5b:d3	58.186.187.26	99b60670661165c2	0	2017-02-16 09:04:59	2017-02-16 09:05:24
483	NULL	NULL	997872177bc2b67c	0	2017-02-16 14:34:32	2017-02-16 14:34:32
484	5c:cf:7f:c3:8e:18	118.107.96.9	80cf548cc2d889ff	0	2017-02-16 16:01:54	2017-02-16 16:02:14
485	5e:cf:7f:c3:8e:18	118.107.96.9	acfcfbbaf73ee307	0	2017-02-17 11:31:53	2017-02-17 11:32:11
486	60:01:94:0d:ab:fb	113.22.149.202	11c627151d564fbd	0	2017-02-18 09:01:47	2017-02-18 09:02:14
487	NULL	NULL	073274f428352419	0	2017-02-18 18:04:43	2017-02-18 18:04:43
488	NULL	NULL	3b33a841fe237376	0	2017-02-18 18:17:03	2017-02-18 18:17:03
